str_address,int_metry,int_cena,str_url,str_typ,COUNTRY
"Lodžská, Praha 8 - Bohnice",Prodej bytu 3+kk 58 m²,4 890 000 Kč,https://www.sreality.cz//detail/prodej/byt/3+kk/praha-bohnice-lodzska/3197566044,Prodej bytu 3+kk 58 m²,"LODŽSKÁ, PRAHA 8 - BOHNICE"
"Cafourkova, Praha 8 - Bohnice",Prodej bytu 3+kk 54 m²,4 540 000 Kč,https://www.sreality.cz//detail/prodej/byt/3+kk/praha-bohnice-cafourkova/1038966620,Prodej bytu 3+kk 54 m²,"CAFOURKOVA, PRAHA 8 - BOHNICE"
"Sokolovská, Praha 8 - Karlín",Prodej bytu 2+1 71 m²,5 990 000 Kč,https://www.sreality.cz//detail/prodej/byt/2+1/praha-karlin-sokolovska/688320092,Prodej bytu 2+1 71 m²,"SOKOLOVSKÁ, PRAHA 8 - KARLÍN"
"Zenklova, Praha 8 - Libeň",Prodej bytu 2+1 46 m²,5 200 000 Kč,https://www.sreality.cz//detail/prodej/byt/2+1/praha-liben-zenklova/1829310300,Prodej bytu 2+1 46 m²,"ZENKLOVA, PRAHA 8 - LIBEŇ"
"Veverkova, Praha 7 - Holešovice",Prodej bytu 2+1 46 m²,4 990 000 Kč,https://www.sreality.cz//detail/prodej/byt/2+1/praha-holesovice-veverkova/3050102620,Prodej bytu 2+1 46 m²,"VEVERKOVA, PRAHA 7 - HOLEŠOVICE"
"Prvního pluku, Praha 8 - Karlín",Prodej bytu 3+kk 70 m²,5 790 000 Kč,https://www.sreality.cz//detail/prodej/byt/3+kk/praha-karlin-prvniho-pluku/1236925532,Prodej bytu 3+kk 70 m²,"PRVNÍHO PLUKU, PRAHA 8 - KARLÍN"
"Kotlaska, Praha 8 - Libeň",Prodej bytu 3+kk 55 m²,5 650 000 Kč,https://www.sreality.cz//detail/prodej/byt/3+kk/praha-liben-kotlaska/2236415068,Prodej bytu 3+kk 55 m²,"KOTLASKA, PRAHA 8 - LIBEŇ"
"Poznaňská, Praha 8 - Bohnice",Prodej bytu 3+kk 63 m²,4 590 000 Kč,https://www.sreality.cz//detail/prodej/byt/3+kk/praha-bohnice-poznanska/2848513116,Prodej bytu 3+kk 63 m²,"POZNAŇSKÁ, PRAHA 8 - BOHNICE"
"Jateční, Praha 7 - Holešovice",Prodej bytu 2+1 58 m²,5 990 000 Kč,https://www.sreality.cz//detail/prodej/byt/2+1/praha-holesovice-jatecni/442625116,Prodej bytu 2+1 58 m²,"JATEČNÍ, PRAHA 7 - HOLEŠOVICE"
"Štětínská, Praha - Bohnice",Prodej bytu 3+kk 58 m²,5 990 000 Kč,https://www.sreality.cz//detail/prodej/byt/3+kk/praha-bohnice-stetinska/2862861404,Prodej bytu 3+kk 58 m²,"ŠTĚTÍNSKÁ, PRAHA - BOHNICE"
"U Sluncové, Praha 8 - Karlín",Prodej bytu 3+kk 76 m²,5 950 000 Kč,https://www.sreality.cz//detail/prodej/byt/3+kk/praha-karlin-u-sluncove/3211852892,Prodej bytu 3+kk 76 m²,"U SLUNCOVÉ, PRAHA 8 - KARLÍN"
"Vacínova, Praha - Libeň",Prodej bytu 2+1 50 m²,5 290 000 Kč,https://www.sreality.cz//detail/prodej/byt/2+1/praha-liben-vacinova/543591516,Prodej bytu 2+1 50 m²,"VACÍNOVA, PRAHA - LIBEŇ"
"Zenklova, Praha 8 - Libeň",Prodej bytu 3+kk 76 m²,5 500 000 Kč,https://www.sreality.cz//detail/prodej/byt/3+kk/praha-liben-zenklova/719162460,Prodej bytu 3+kk 76 m²,"ZENKLOVA, PRAHA 8 - LIBEŇ"
"Chlumčanského, Praha 8 - Libeň",Prodej bytu 2+1 56 m²,5 300 000 Kč,https://www.sreality.cz//detail/prodej/byt/2+1/praha-liben-chlumcanskeho/3756170332,Prodej bytu 2+1 56 m²,"CHLUMČANSKÉHO, PRAHA 8 - LIBEŇ"
"Nekvasilova, Praha 8 - Karlín",Prodej bytu 3+kk 56 m²,5 780 000 Kč,https://www.sreality.cz//detail/prodej/byt/3+kk/praha-karlin-nekvasilova/3729079900,Prodej bytu 3+kk 56 m²,"NEKVASILOVA, PRAHA 8 - KARLÍN"
"Hlivická, Praha 8 - Bohnice",Prodej bytu 3+kk 72 m²,4 990 000 Kč,https://www.sreality.cz//detail/prodej/byt/3+kk/praha-bohnice-hlivicka/1766088540,Prodej bytu 3+kk 72 m²,"HLIVICKÁ, PRAHA 8 - BOHNICE"
"Cafourkova, Praha 8 - Bohnice",Prodej bytu 3+kk 54 m²,4 900 000 Kč,https://www.sreality.cz//detail/prodej/byt/3+kk/praha-bohnice-cafourkova/4015939420,Prodej bytu 3+kk 54 m²,"CAFOURKOVA, PRAHA 8 - BOHNICE"
"Molákova, Praha - Karlín",Prodej bytu 3+kk 58 m²,5 500 000 Kč,https://www.sreality.cz//detail/prodej/byt/3+kk/praha-karlin-molakova/551841628,Prodej bytu 3+kk 58 m²,"MOLÁKOVA, PRAHA - KARLÍN"
"Bubenská, Praha 7 - Holešovice",Prodej bytu 2+1 63 m²,5 200 000 Kč,https://www.sreality.cz//detail/prodej/byt/2+1/praha-holesovice-bubenska/3849535324,Prodej bytu 2+1 63 m²,"BUBENSKÁ, PRAHA 7 - HOLEŠOVICE"
"Dělnická, Praha 7 - Holešovice",Prodej bytu 2+1 38 m²,5 800 000 Kč,https://www.sreality.cz//detail/prodej/byt/2+1/praha-holesovice-delnicka/2615914332,Prodej bytu 2+1 38 m²,"DĚLNICKÁ, PRAHA 7 - HOLEŠOVICE"
